p_height,p_length,p_width
1,0,0
1,0,0.018
1,0,0.036
1,0,0.055
1,0,0.073
1,0,0.091
1,0,0.109
1,0,0.127
1,0,0.145
1,0,0.164
1,0,0.182
1,0,0.2
1,0,0.218
0,0,0.236
0,0,0.255
0,0,0.273
0,0,0.291
0,0,0.309
0,0,0.327
0,0,0.345
0,0,0.364
0,0,0.382
0,0,0.4
0,0,0.418
0,0,0.436
0,0,0.455
0,0,0.473
0,0,0.491
0,0,0.509
0,0,0.527
0,0,0.545
0,0,0.564
0,0,0.582
0,0,0.6
0,0,0.618
0,0,0.636
0,0,0.655
0,0,0.673
0,0,0.691
0,0,0.709
0,0,0.727
0,0,0.745
0,0,0.764
0,0,0.782
0,0,0.8
0,0,0.818
0,0,0.836
0,0,0.855
0,0,0.873
0,0,0.891
0,0,0.909
0,0,0.927
0,0,0.945
0,0,0.964
0,0,0.982
1,0.018,0
1,0.018,0.018
1,0.018,0.036
1,0.018,0.055
1,0.018,0.073
1,0.018,0.091
1,0.018,0.109
1,0.018,0.127
1,0.018,0.145
1,0.018,0.164
1,0.018,0.182
0,0.018,0.2
0,0.018,0.218
0,0.018,0.236
0,0.018,0.255
0,0.018,0.273
0,0.018,0.291
0,0.018,0.309
0,0.018,0.327
0,0.018,0.345
0,0.018,0.364
0,0.018,0.382
0,0.018,0.4
0,0.018,0.418
0,0.018,0.436
0,0.018,0.455
0,0.018,0.473
0,0.018,0.491
0,0.018,0.509
0,0.018,0.527
0,0.018,0.545
0,0.018,0.564
0,0.018,0.582
0,0.018,0.6
0,0.018,0.618
0,0.018,0.636
0,0.018,0.655
0,0.018,0.673
0,0.018,0.691
0,0.018,0.709
0,0.018,0.727
0,0.018,0.745
0,0.018,0.764
0,0.018,0.782
0,0.018,0.8
0,0.018,0.818
0,0.018,0.836
0,0.018,0.855
0,0.018,0.873
0,0.018,0.891
0,0.018,0.909
0,0.018,0.927
0,0.018,0.945
0,0.018,0.964
0,0.018,0.982
1,0.036,0
1,0.036,0.018
0,0.036,0.036
1,0.036,0.055
0,0.036,0.073
1,0.036,0.091
1,0.036,0.109
1,0.036,0.127
1,0.036,0.145
0,0.036,0.164
0,0.036,0.182
0,0.036,0.2
0,0.036,0.218
0,0.036,0.236
0,0.036,0.255
0,0.036,0.273
0,0.036,0.291
0,0.036,0.309
0,0.036,0.327
0,0.036,0.345
0,0.036,0.364
0,0.036,0.382
0,0.036,0.4
0,0.036,0.418
0,0.036,0.436
0,0.036,0.455
0,0.036,0.473
0,0.036,0.491
0,0.036,0.509
0,0.036,0.527
0,0.036,0.545
0,0.036,0.564
0,0.036,0.582
0,0.036,0.6
0,0.036,0.618
0,0.036,0.636
0,0.036,0.655
0,0.036,0.673
0,0.036,0.691
0,0.036,0.709
0,0.036,0.727
0,0.036,0.745
0,0.036,0.764
0,0.036,0.782
0,0.036,0.8
0,0.036,0.818
0,0.036,0.836
0,0.036,0.855
0,0.036,0.873
0,0.036,0.891
0,0.036,0.909
0,0.036,0.927
0,0.036,0.945
0,0.036,0.964
0,0.036,0.982
1,0.055,0
0,0.055,0.018
0,0.055,0.036
0,0.055,0.055
0,0.055,0.073
0,0.055,0.091
0,0.055,0.109
0,0.055,0.127
0,0.055,0.145
0,0.055,0.164
0,0.055,0.182
0,0.055,0.2
0,0.055,0.218
0,0.055,0.236
0,0.055,0.255
0,0.055,0.273
0,0.055,0.291
0,0.055,0.309
0,0.055,0.327
0,0.055,0.345
0,0.055,0.364
0,0.055,0.382
0,0.055,0.4
0,0.055,0.418
0,0.055,0.436
0,0.055,0.455
0,0.055,0.473
0,0.055,0.491
0,0.055,0.509
0,0.055,0.527
0,0.055,0.545
0,0.055,0.564
0,0.055,0.582
0,0.055,0.6
0,0.055,0.618
0,0.055,0.636
0,0.055,0.655
0,0.055,0.673
0,0.055,0.691
0,0.055,0.709
0,0.055,0.727
0,0.055,0.745
0,0.055,0.764
0,0.055,0.782
0,0.055,0.8
0,0.055,0.818
0,0.055,0.836
0,0.055,0.855
0,0.055,0.873
0,0.055,0.891
0,0.055,0.909
0,0.055,0.927
0,0.055,0.945
0,0.055,0.964
0,0.055,0.982
1,0.073,0
1,0.073,0.018
1,0.073,0.036
0,0.073,0.055
0,0.073,0.073
0,0.073,0.091
0,0.073,0.109
0,0.073,0.127
0,0.073,0.145
0,0.073,0.164
0,0.073,0.182
0,0.073,0.2
0,0.073,0.218
0,0.073,0.236
0,0.073,0.255
0,0.073,0.273
0,0.073,0.291
0,0.073,0.309
0,0.073,0.327
0,0.073,0.345
0,0.073,0.364
0,0.073,0.382
0,0.073,0.4
0,0.073,0.418
0,0.073,0.436
0,0.073,0.455
0,0.073,0.473
0,0.073,0.491
0,0.073,0.509
0,0.073,0.527
0,0.073,0.545
0,0.073,0.564
0,0.073,0.582
0,0.073,0.6
0,0.073,0.618
0,0.073,0.636
0,0.073,0.655
0,0.073,0.673
0,0.073,0.691
0,0.073,0.709
0,0.073,0.727
0,0.073,0.745
0,0.073,0.764
0,0.073,0.782
0,0.073,0.8
0,0.073,0.818
0,0.073,0.836
0,0.073,0.855
0,0.073,0.873
0,0.073,0.891
0,0.073,0.909
0,0.073,0.927
0,0.073,0.945
0,0.073,0.964
0,0.073,0.982
1,0.091,0
1,0.091,0.018
0,0.091,0.036
0,0.091,0.055
0,0.091,0.073
0,0.091,0.091
0,0.091,0.109
0,0.091,0.127
0,0.091,0.145
0,0.091,0.164
0,0.091,0.182
0,0.091,0.2
0,0.091,0.218
0,0.091,0.236
0,0.091,0.255
0,0.091,0.273
0,0.091,0.291
0,0.091,0.309
0,0.091,0.327
0,0.091,0.345
0,0.091,0.364
0,0.091,0.382
0,0.091,0.4
0,0.091,0.418
0,0.091,0.436
0,0.091,0.455
0,0.091,0.473
0,0.091,0.491
0,0.091,0.509
0,0.091,0.527
0,0.091,0.545
0,0.091,0.564
0,0.091,0.582
0,0.091,0.6
0,0.091,0.618
0,0.091,0.636
0,0.091,0.655
0,0.091,0.673
0,0.091,0.691
0,0.091,0.709
0,0.091,0.727
0,0.091,0.745
0,0.091,0.764
0,0.091,0.782
0,0.091,0.8
0,0.091,0.818
0,0.091,0.836
0,0.091,0.855
0,0.091,0.873
0,0.091,0.891
0,0.091,0.909
0,0.091,0.927
0,0.091,0.945
0,0.091,0.964
0,0.091,0.982
1,0.109,0
1,0.109,0.018
0,0.109,0.036
0,0.109,0.055
0,0.109,0.073
0,0.109,0.091
0,0.109,0.109
0,0.109,0.127
0,0.109,0.145
0,0.109,0.164
0,0.109,0.182
0,0.109,0.2
0,0.109,0.218
0,0.109,0.236
0,0.109,0.255
0,0.109,0.273
0,0.109,0.291
0,0.109,0.309
0,0.109,0.327
0,0.109,0.345
0,0.109,0.364
0,0.109,0.382
0,0.109,0.4
0,0.109,0.418
0,0.109,0.436
0,0.109,0.455
0,0.109,0.473
0,0.109,0.491
0,0.109,0.509
0,0.109,0.527
0,0.109,0.545
0,0.109,0.564
0,0.109,0.582
0,0.109,0.6
0,0.109,0.618
0,0.109,0.636
0,0.109,0.655
0,0.109,0.673
0,0.109,0.691
0,0.109,0.709
0,0.109,0.727
0,0.109,0.745
0,0.109,0.764
0,0.109,0.782
0,0.109,0.8
0,0.109,0.818
0,0.109,0.836
0,0.109,0.855
0,0.109,0.873
0,0.109,0.891
0,0.109,0.909
0,0.109,0.927
0,0.109,0.945
0,0.109,0.964
0,0.109,0.982
1,0.127,0
1,0.127,0.018
0,0.127,0.036
0,0.127,0.055
0,0.127,0.073
0,0.127,0.091
0,0.127,0.109
0,0.127,0.127
0,0.127,0.145
0,0.127,0.164
1,0.127,0.182
0,0.127,0.2
0,0.127,0.218
0,0.127,0.236
0,0.127,0.255
0,0.127,0.273
0,0.127,0.291
0,0.127,0.309
0,0.127,0.327
0,0.127,0.345
0,0.127,0.364
0,0.127,0.382
0,0.127,0.4
0,0.127,0.418
0,0.127,0.436
0,0.127,0.455
0,0.127,0.473
0,0.127,0.491
0,0.127,0.509
0,0.127,0.527
0,0.127,0.545
0,0.127,0.564
0,0.127,0.582
0,0.127,0.6
0,0.127,0.618
0,0.127,0.636
0,0.127,0.655
0,0.127,0.673
0,0.127,0.691
0,0.127,0.709
0,0.127,0.727
0,0.127,0.745
0,0.127,0.764
0,0.127,0.782
0,0.127,0.8
0,0.127,0.818
0,0.127,0.836
0,0.127,0.855
0,0.127,0.873
0,0.127,0.891
0,0.127,0.909
0,0.127,0.927
0,0.127,0.945
0,0.127,0.964
0,0.127,0.982
1,0.145,0
1,0.145,0.018
1,0.145,0.036
1,0.145,0.055
1,0.145,0.073
1,0.145,0.091
1,0.145,0.109
0,0.145,0.127
1,0.145,0.145
0,0.145,0.164
0,0.145,0.182
0,0.145,0.2
0,0.145,0.218
0,0.145,0.236
0,0.145,0.255
0,0.145,0.273
0,0.145,0.291
0,0.145,0.309
0,0.145,0.327
0,0.145,0.345
0,0.145,0.364
0,0.145,0.382
0,0.145,0.4
0,0.145,0.418
0,0.145,0.436
0,0.145,0.455
0,0.145,0.473
0,0.145,0.491
0,0.145,0.509
0,0.145,0.527
0,0.145,0.545
0,0.145,0.564
0,0.145,0.582
0,0.145,0.6
0,0.145,0.618
0,0.145,0.636
0,0.145,0.655
0,0.145,0.673
0,0.145,0.691
0,0.145,0.709
0,0.145,0.727
0,0.145,0.745
0,0.145,0.764
0,0.145,0.782
0,0.145,0.8
0,0.145,0.818
0,0.145,0.836
0,0.145,0.855
0,0.145,0.873
0,0.145,0.891
0,0.145,0.909
0,0.145,0.927
0,0.145,0.945
0,0.145,0.964
0,0.145,0.982
1,0.164,0
1,0.164,0.018
1,0.164,0.036
1,0.164,0.055
1,0.164,0.073
0,0.164,0.091
0,0.164,0.109
0,0.164,0.127
1,0.164,0.145
1,0.164,0.164
0,0.164,0.182
0,0.164,0.2
0,0.164,0.218
0,0.164,0.236
0,0.164,0.255
0,0.164,0.273
0,0.164,0.291
0,0.164,0.309
0,0.164,0.327
0,0.164,0.345
0,0.164,0.364
0,0.164,0.382
0,0.164,0.4
0,0.164,0.418
0,0.164,0.436
0,0.164,0.455
0,0.164,0.473
0,0.164,0.491
0,0.164,0.509
0,0.164,0.527
0,0.164,0.545
0,0.164,0.564
0,0.164,0.582
0,0.164,0.6
0,0.164,0.618
0,0.164,0.636
0,0.164,0.655
0,0.164,0.673
0,0.164,0.691
0,0.164,0.709
0,0.164,0.727
0,0.164,0.745
0,0.164,0.764
0,0.164,0.782
0,0.164,0.8
0,0.164,0.818
0,0.164,0.836
0,0.164,0.855
0,0.164,0.873
0,0.164,0.891
0,0.164,0.909
0,0.164,0.927
0,0.164,0.945
0,0.164,0.964
0,0.164,0.982
1,0.182,0
1,0.182,0.018
1,0.182,0.036
1,0.182,0.055
1,0.182,0.073
1,0.182,0.091
1,0.182,0.109
1,0.182,0.127
1,0.182,0.145
1,0.182,0.164
0,0.182,0.182
0,0.182,0.2
0,0.182,0.218
0,0.182,0.236
0,0.182,0.255
0,0.182,0.273
0,0.182,0.291
0,0.182,0.309
0,0.182,0.327
0,0.182,0.345
0,0.182,0.364
0,0.182,0.382
0,0.182,0.4
0,0.182,0.418
0,0.182,0.436
0,0.182,0.455
0,0.182,0.473
0,0.182,0.491
0,0.182,0.509
0,0.182,0.527
0,0.182,0.545
0,0.182,0.564
0,0.182,0.582
0,0.182,0.6
0,0.182,0.618
0,0.182,0.636
0,0.182,0.655
0,0.182,0.673
0,0.182,0.691
0,0.182,0.709
0,0.182,0.727
0,0.182,0.745
0,0.182,0.764
0,0.182,0.782
0,0.182,0.8
0,0.182,0.818
0,0.182,0.836
0,0.182,0.855
0,0.182,0.873
0,0.182,0.891
0,0.182,0.909
0,0.182,0.927
0,0.182,0.945
0,0.182,0.964
0,0.182,0.982
1,0.2,0
1,0.2,0.018
1,0.2,0.036
1,0.2,0.055
1,0.2,0.073
1,0.2,0.091
1,0.2,0.109
1,0.2,0.127
1,0.2,0.145
1,0.2,0.164
1,0.2,0.182
0,0.2,0.2
0,0.2,0.218
0,0.2,0.236
0,0.2,0.255
0,0.2,0.273
0,0.2,0.291
0,0.2,0.309
0,0.2,0.327
0,0.2,0.345
0,0.2,0.364
0,0.2,0.382
0,0.2,0.4
0,0.2,0.418
0,0.2,0.436
0,0.2,0.455
0,0.2,0.473
0,0.2,0.491
0,0.2,0.509
0,0.2,0.527
0,0.2,0.545
0,0.2,0.564
0,0.2,0.582
0,0.2,0.6
0,0.2,0.618
0,0.2,0.636
0,0.2,0.655
0,0.2,0.673
0,0.2,0.691
0,0.2,0.709
0,0.2,0.727
0,0.2,0.745
0,0.2,0.764
0,0.2,0.782
0,0.2,0.8
0,0.2,0.818
0,0.2,0.836
0,0.2,0.855
0,0.2,0.873
0,0.2,0.891
0,0.2,0.909
0,0.2,0.927
0,0.2,0.945
0,0.2,0.964
0,0.2,0.982
0,0.218,0
0,0.218,0.018
0,0.218,0.036
0,0.218,0.055
1,0.218,0.073
0,0.218,0.091
0,0.218,0.109
0,0.218,0.127
1,0.218,0.145
1,0.218,0.164
1,0.218,0.182
1,0.218,0.2
0,0.218,0.218
0,0.218,0.236
0,0.218,0.255
0,0.218,0.273
0,0.218,0.291
0,0.218,0.309
0,0.218,0.327
0,0.218,0.345
0,0.218,0.364
0,0.218,0.382
0,0.218,0.4
0,0.218,0.418
0,0.218,0.436
0,0.218,0.455
0,0.218,0.473
0,0.218,0.491
0,0.218,0.509
0,0.218,0.527
0,0.218,0.545
0,0.218,0.564
0,0.218,0.582
0,0.218,0.6
0,0.218,0.618
0,0.218,0.636
0,0.218,0.655
0,0.218,0.673
0,0.218,0.691
0,0.218,0.709
0,0.218,0.727
0,0.218,0.745
0,0.218,0.764
0,0.218,0.782
0,0.218,0.8
0,0.218,0.818
0,0.218,0.836
0,0.218,0.855
0,0.218,0.873
0,0.218,0.891
0,0.218,0.909
0,0.218,0.927
0,0.218,0.945
0,0.218,0.964
0,0.218,0.982
0,0.236,0
0,0.236,0.018
0,0.236,0.036
0,0.236,0.055
0,0.236,0.073
0,0.236,0.091
0,0.236,0.109
1,0.236,0.127
1,0.236,0.145
1,0.236,0.164
1,0.236,0.182
1,0.236,0.2
0,0.236,0.218
0,0.236,0.236
0,0.236,0.255
0,0.236,0.273
0,0.236,0.291
0,0.236,0.309
0,0.236,0.327
0,0.236,0.345
0,0.236,0.364
0,0.236,0.382
0,0.236,0.4
0,0.236,0.418
0,0.236,0.436
0,0.236,0.455
0,0.236,0.473
0,0.236,0.491
0,0.236,0.509
0,0.236,0.527
0,0.236,0.545
0,0.236,0.564
0,0.236,0.582
0,0.236,0.6
0,0.236,0.618
0,0.236,0.636
0,0.236,0.655
0,0.236,0.673
0,0.236,0.691
0,0.236,0.709
0,0.236,0.727
0,0.236,0.745
0,0.236,0.764
0,0.236,0.782
0,0.236,0.8
0,0.236,0.818
0,0.236,0.836
0,0.236,0.855
0,0.236,0.873
0,0.236,0.891
0,0.236,0.909
0,0.236,0.927
0,0.236,0.945
0,0.236,0.964
0,0.236,0.982
0,0.255,0
0,0.255,0.018
0,0.255,0.036
1,0.255,0.055
1,0.255,0.073
1,0.255,0.091
1,0.255,0.109
1,0.255,0.127
1,0.255,0.145
1,0.255,0.164
1,0.255,0.182
0,0.255,0.2
0,0.255,0.218
0,0.255,0.236
0,0.255,0.255
0,0.255,0.273
0,0.255,0.291
0,0.255,0.309
0,0.255,0.327
0,0.255,0.345
0,0.255,0.364
0,0.255,0.382
0,0.255,0.4
0,0.255,0.418
0,0.255,0.436
0,0.255,0.455
0,0.255,0.473
0,0.255,0.491
0,0.255,0.509
0,0.255,0.527
0,0.255,0.545
0,0.255,0.564
0,0.255,0.582
0,0.255,0.6
0,0.255,0.618
0,0.255,0.636
0,0.255,0.655
0,0.255,0.673
0,0.255,0.691
0,0.255,0.709
0,0.255,0.727
0,0.255,0.745
0,0.255,0.764
0,0.255,0.782
0,0.255,0.8
0,0.255,0.818
0,0.255,0.836
0,0.255,0.855
0,0.255,0.873
0,0.255,0.891
0,0.255,0.909
0,0.255,0.927
0,0.255,0.945
0,0.255,0.964
0,0.255,0.982
0,0.273,0
0,0.273,0.018
0,0.273,0.036
1,0.273,0.055
1,0.273,0.073
1,0.273,0.091
1,0.273,0.109
1,0.273,0.127
1,0.273,0.145
1,0.273,0.164
1,0.273,0.182
0,0.273,0.2
0,0.273,0.218
0,0.273,0.236
0,0.273,0.255
0,0.273,0.273
0,0.273,0.291
0,0.273,0.309
0,0.273,0.327
0,0.273,0.345
0,0.273,0.364
0,0.273,0.382
0,0.273,0.4
0,0.273,0.418
0,0.273,0.436
0,0.273,0.455
0,0.273,0.473
0,0.273,0.491
0,0.273,0.509
0,0.273,0.527
0,0.273,0.545
0,0.273,0.564
0,0.273,0.582
0,0.273,0.6
0,0.273,0.618
0,0.273,0.636
0,0.273,0.655
0,0.273,0.673
0,0.273,0.691
0,0.273,0.709
0,0.273,0.727
0,0.273,0.745
0,0.273,0.764
0,0.273,0.782
0,0.273,0.8
0,0.273,0.818
0,0.273,0.836
0,0.273,0.855
0,0.273,0.873
0,0.273,0.891
0,0.273,0.909
0,0.273,0.927
0,0.273,0.945
0,0.273,0.964
0,0.273,0.982
0,0.291,0
0,0.291,0.018
0,0.291,0.036
1,0.291,0.055
0,0.291,0.073
1,0.291,0.091
1,0.291,0.109
1,0.291,0.127
1,0.291,0.145
1,0.291,0.164
0,0.291,0.182
0,0.291,0.2
0,0.291,0.218
0,0.291,0.236
0,0.291,0.255
0,0.291,0.273
0,0.291,0.291
0,0.291,0.309
0,0.291,0.327
0,0.291,0.345
0,0.291,0.364
0,0.291,0.382
0,0.291,0.4
0,0.291,0.418
0,0.291,0.436
0,0.291,0.455
0,0.291,0.473
0,0.291,0.491
0,0.291,0.509
0,0.291,0.527
0,0.291,0.545
0,0.291,0.564
0,0.291,0.582
0,0.291,0.6
0,0.291,0.618
0,0.291,0.636
0,0.291,0.655
0,0.291,0.673
0,0.291,0.691
0,0.291,0.709
0,0.291,0.727
0,0.291,0.745
0,0.291,0.764
0,0.291,0.782
0,0.291,0.8
0,0.291,0.818
0,0.291,0.836
0,0.291,0.855
0,0.291,0.873
0,0.291,0.891
0,0.291,0.909
0,0.291,0.927
0,0.291,0.945
0,0.291,0.964
0,0.291,0.982
0,0.309,0
0,0.309,0.018
0,0.309,0.036
0,0.309,0.055
0,0.309,0.073
0,0.309,0.091
1,0.309,0.109
1,0.309,0.127
1,0.309,0.145
1,0.309,0.164
1,0.309,0.182
1,0.309,0.2
0,0.309,0.218
1,0.309,0.236
1,0.309,0.255
0,0.309,0.273
0,0.309,0.291
0,0.309,0.309
0,0.309,0.327
0,0.309,0.345
0,0.309,0.364
0,0.309,0.382
0,0.309,0.4
0,0.309,0.418
0,0.309,0.436
0,0.309,0.455
0,0.309,0.473
0,0.309,0.491
0,0.309,0.509
0,0.309,0.527
0,0.309,0.545
0,0.309,0.564
0,0.309,0.582
0,0.309,0.6
0,0.309,0.618
0,0.309,0.636
0,0.309,0.655
0,0.309,0.673
0,0.309,0.691
0,0.309,0.709
0,0.309,0.727
0,0.309,0.745
0,0.309,0.764
0,0.309,0.782
0,0.309,0.8
0,0.309,0.818
0,0.309,0.836
0,0.309,0.855
0,0.309,0.873
0,0.309,0.891
0,0.309,0.909
0,0.309,0.927
0,0.309,0.945
0,0.309,0.964
0,0.309,0.982
0,0.327,0
0,0.327,0.018
0,0.327,0.036
0,0.327,0.055
0,0.327,0.073
1,0.327,0.091
1,0.327,0.109
1,0.327,0.127
1,0.327,0.145
1,0.327,0.164
1,0.327,0.182
1,0.327,0.2
1,0.327,0.218
1,0.327,0.236
0,0.327,0.255
0,0.327,0.273
0,0.327,0.291
0,0.327,0.309
0,0.327,0.327
0,0.327,0.345
0,0.327,0.364
0,0.327,0.382
0,0.327,0.4
0,0.327,0.418
0,0.327,0.436
0,0.327,0.455
0,0.327,0.473
0,0.327,0.491
0,0.327,0.509
0,0.327,0.527
0,0.327,0.545
0,0.327,0.564
0,0.327,0.582
0,0.327,0.6
0,0.327,0.618
0,0.327,0.636
0,0.327,0.655
0,0.327,0.673
0,0.327,0.691
0,0.327,0.709
0,0.327,0.727
0,0.327,0.745
0,0.327,0.764
0,0.327,0.782
0,0.327,0.8
0,0.327,0.818
0,0.327,0.836
0,0.327,0.855
0,0.327,0.873
0,0.327,0.891
0,0.327,0.909
0,0.327,0.927
0,0.327,0.945
0,0.327,0.964
0,0.327,0.982
0,0.345,0
0,0.345,0.018
0,0.345,0.036
0,0.345,0.055
0,0.345,0.073
0,0.345,0.091
0,0.345,0.109
0,0.345,0.127
0,0.345,0.145
1,0.345,0.164
1,0.345,0.182
1,0.345,0.2
1,0.345,0.218
1,0.345,0.236
1,0.345,0.255
1,0.345,0.273
1,0.345,0.291
1,0.345,0.309
1,0.345,0.327
0,0.345,0.345
0,0.345,0.364
0,0.345,0.382
0,0.345,0.4
0,0.345,0.418
0,0.345,0.436
0,0.345,0.455
0,0.345,0.473
0,0.345,0.491
0,0.345,0.509
0,0.345,0.527
0,0.345,0.545
0,0.345,0.564
0,0.345,0.582
0,0.345,0.6
0,0.345,0.618
0,0.345,0.636
0,0.345,0.655
0,0.345,0.673
0,0.345,0.691
0,0.345,0.709
0,0.345,0.727
0,0.345,0.745
0,0.345,0.764
0,0.345,0.782
0,0.345,0.8
0,0.345,0.818
0,0.345,0.836
0,0.345,0.855
0,0.345,0.873
0,0.345,0.891
0,0.345,0.909
0,0.345,0.927
0,0.345,0.945
0,0.345,0.964
0,0.345,0.982
0,0.364,0
0,0.364,0.018
0,0.364,0.036
0,0.364,0.055
1,0.364,0.073
1,0.364,0.091
1,0.364,0.109
1,0.364,0.127
1,0.364,0.145
1,0.364,0.164
1,0.364,0.182
1,0.364,0.2
1,0.364,0.218
1,0.364,0.236
1,0.364,0.255
1,0.364,0.273
1,0.364,0.291
1,0.364,0.309
1,0.364,0.327
1,0.364,0.345
1,0.364,0.364
1,0.364,0.382
0,0.364,0.4
0,0.364,0.418
0,0.364,0.436
0,0.364,0.455
0,0.364,0.473
0,0.364,0.491
0,0.364,0.509
0,0.364,0.527
0,0.364,0.545
0,0.364,0.564
0,0.364,0.582
0,0.364,0.6
0,0.364,0.618
0,0.364,0.636
0,0.364,0.655
0,0.364,0.673
0,0.364,0.691
0,0.364,0.709
0,0.364,0.727
0,0.364,0.745
0,0.364,0.764
0,0.364,0.782
0,0.364,0.8
0,0.364,0.818
0,0.364,0.836
0,0.364,0.855
0,0.364,0.873
0,0.364,0.891
0,0.364,0.909
0,0.364,0.927
0,0.364,0.945
0,0.364,0.964
0,0.364,0.982
1,0.382,0
1,0.382,0.018
1,0.382,0.036
0,0.382,0.055
1,0.382,0.073
1,0.382,0.091
0,0.382,0.109
1,0.382,0.127
1,0.382,0.145
1,0.382,0.164
1,0.382,0.182
1,0.382,0.2
1,0.382,0.218
1,0.382,0.236
1,0.382,0.255
1,0.382,0.273
1,0.382,0.291
1,0.382,0.309
0,0.382,0.327
1,0.382,0.345
1,0.382,0.364
0,0.382,0.382
0,0.382,0.4
0,0.382,0.418
0,0.382,0.436
0,0.382,0.455
0,0.382,0.473
0,0.382,0.491
0,0.382,0.509
0,0.382,0.527
0,0.382,0.545
0,0.382,0.564
0,0.382,0.582
0,0.382,0.6
0,0.382,0.618
0,0.382,0.636
0,0.382,0.655
0,0.382,0.673
0,0.382,0.691
0,0.382,0.709
0,0.382,0.727
0,0.382,0.745
0,0.382,0.764
0,0.382,0.782
0,0.382,0.8
0,0.382,0.818
0,0.382,0.836
0,0.382,0.855
0,0.382,0.873
0,0.382,0.891
0,0.382,0.909
0,0.382,0.927
0,0.382,0.945
0,0.382,0.964
0,0.382,0.982
1,0.4,0
1,0.4,0.018
1,0.4,0.036
1,0.4,0.055
1,0.4,0.073
1,0.4,0.091
1,0.4,0.109
1,0.4,0.127
1,0.4,0.145
1,0.4,0.164
1,0.4,0.182
1,0.4,0.2
1,0.4,0.218
1,0.4,0.236
1,0.4,0.255
1,0.4,0.273
1,0.4,0.291
1,0.4,0.309
1,0.4,0.327
1,0.4,0.345
0,0.4,0.364
0,0.4,0.382
0,0.4,0.4
0,0.4,0.418
0,0.4,0.436
0,0.4,0.455
0,0.4,0.473
0,0.4,0.491
0,0.4,0.509
0,0.4,0.527
0,0.4,0.545
0,0.4,0.564
0,0.4,0.582
0,0.4,0.6
0,0.4,0.618
0,0.4,0.636
0,0.4,0.655
0,0.4,0.673
0,0.4,0.691
0,0.4,0.709
0,0.4,0.727
0,0.4,0.745
0,0.4,0.764
0,0.4,0.782
0,0.4,0.8
0,0.4,0.818
0,0.4,0.836
0,0.4,0.855
0,0.4,0.873
0,0.4,0.891
0,0.4,0.909
0,0.4,0.927
0,0.4,0.945
0,0.4,0.964
0,0.4,0.982
1,0.418,0
1,0.418,0.018
1,0.418,0.036
1,0.418,0.055
1,0.418,0.073
1,0.418,0.091
1,0.418,0.109
1,0.418,0.127
1,0.418,0.145
1,0.418,0.164
1,0.418,0.182
1,0.418,0.2
1,0.418,0.218
1,0.418,0.236
1,0.418,0.255
1,0.418,0.273
1,0.418,0.291
1,0.418,0.309
0,0.418,0.327
0,0.418,0.345
0,0.418,0.364
0,0.418,0.382
0,0.418,0.4
0,0.418,0.418
0,0.418,0.436
0,0.418,0.455
0,0.418,0.473
0,0.418,0.491
0,0.418,0.509
0,0.418,0.527
0,0.418,0.545
0,0.418,0.564
0,0.418,0.582
0,0.418,0.6
0,0.418,0.618
0,0.418,0.636
0,0.418,0.655
0,0.418,0.673
0,0.418,0.691
0,0.418,0.709
0,0.418,0.727
0,0.418,0.745
0,0.418,0.764
0,0.418,0.782
0,0.418,0.8
0,0.418,0.818
0,0.418,0.836
0,0.418,0.855
0,0.418,0.873
0,0.418,0.891
0,0.418,0.909
0,0.418,0.927
0,0.418,0.945
0,0.418,0.964
0,0.418,0.982
1,0.436,0
1,0.436,0.018
1,0.436,0.036
0,0.436,0.055
0,0.436,0.073
0,0.436,0.091
1,0.436,0.109
0,0.436,0.127
1,0.436,0.145
1,0.436,0.164
0,0.436,0.182
1,0.436,0.2
1,0.436,0.218
0,0.436,0.236
0,0.436,0.255
0,0.436,0.273
0,0.436,0.291
0,0.436,0.309
0,0.436,0.327
0,0.436,0.345
0,0.436,0.364
0,0.436,0.382
0,0.436,0.4
0,0.436,0.418
0,0.436,0.436
0,0.436,0.455
0,0.436,0.473
0,0.436,0.491
0,0.436,0.509
0,0.436,0.527
0,0.436,0.545
0,0.436,0.564
0,0.436,0.582
0,0.436,0.6
0,0.436,0.618
0,0.436,0.636
0,0.436,0.655
0,0.436,0.673
0,0.436,0.691
0,0.436,0.709
0,0.436,0.727
0,0.436,0.745
0,0.436,0.764
0,0.436,0.782
0,0.436,0.8
0,0.436,0.818
0,0.436,0.836
0,0.436,0.855
0,0.436,0.873
0,0.436,0.891
0,0.436,0.909
0,0.436,0.927
0,0.436,0.945
0,0.436,0.964
0,0.436,0.982
1,0.455,0
1,0.455,0.018
1,0.455,0.036
1,0.455,0.055
0,0.455,0.073
0,0.455,0.091
0,0.455,0.109
0,0.455,0.127
0,0.455,0.145
0,0.455,0.164
0,0.455,0.182
0,0.455,0.2
0,0.455,0.218
0,0.455,0.236
0,0.455,0.255
0,0.455,0.273
0,0.455,0.291
0,0.455,0.309
0,0.455,0.327
0,0.455,0.345
0,0.455,0.364
0,0.455,0.382
0,0.455,0.4
0,0.455,0.418
0,0.455,0.436
0,0.455,0.455
0,0.455,0.473
0,0.455,0.491
0,0.455,0.509
0,0.455,0.527
0,0.455,0.545
0,0.455,0.564
0,0.455,0.582
0,0.455,0.6
0,0.455,0.618
0,0.455,0.636
0,0.455,0.655
0,0.455,0.673
0,0.455,0.691
0,0.455,0.709
0,0.455,0.727
0,0.455,0.745
0,0.455,0.764
0,0.455,0.782
0,0.455,0.8
0,0.455,0.818
0,0.455,0.836
0,0.455,0.855
0,0.455,0.873
0,0.455,0.891
0,0.455,0.909
0,0.455,0.927
0,0.455,0.945
0,0.455,0.964
0,0.455,0.982
1,0.473,0
1,0.473,0.018
1,0.473,0.036
1,0.473,0.055
0,0.473,0.073
0,0.473,0.091
0,0.473,0.109
0,0.473,0.127
0,0.473,0.145
0,0.473,0.164
0,0.473,0.182
0,0.473,0.2
0,0.473,0.218
0,0.473,0.236
0,0.473,0.255
0,0.473,0.273
0,0.473,0.291
0,0.473,0.309
0,0.473,0.327
0,0.473,0.345
0,0.473,0.364
0,0.473,0.382
0,0.473,0.4
0,0.473,0.418
0,0.473,0.436
0,0.473,0.455
0,0.473,0.473
0,0.473,0.491
0,0.473,0.509
0,0.473,0.527
0,0.473,0.545
0,0.473,0.564
0,0.473,0.582
0,0.473,0.6
0,0.473,0.618
0,0.473,0.636
0,0.473,0.655
0,0.473,0.673
0,0.473,0.691
0,0.473,0.709
0,0.473,0.727
0,0.473,0.745
0,0.473,0.764
0,0.473,0.782
0,0.473,0.8
0,0.473,0.818
0,0.473,0.836
0,0.473,0.855
0,0.473,0.873
0,0.473,0.891
0,0.473,0.909
0,0.473,0.927
0,0.473,0.945
0,0.473,0.964
0,0.473,0.982
1,0.491,0
1,0.491,0.018
1,0.491,0.036
1,0.491,0.055
0,0.491,0.073
0,0.491,0.091
0,0.491,0.109
0,0.491,0.127
0,0.491,0.145
0,0.491,0.164
0,0.491,0.182
0,0.491,0.2
0,0.491,0.218
0,0.491,0.236
0,0.491,0.255
0,0.491,0.273
0,0.491,0.291
0,0.491,0.309
0,0.491,0.327
0,0.491,0.345
0,0.491,0.364
0,0.491,0.382
0,0.491,0.4
0,0.491,0.418
0,0.491,0.436
0,0.491,0.455
0,0.491,0.473
0,0.491,0.491
0,0.491,0.509
0,0.491,0.527
0,0.491,0.545
0,0.491,0.564
0,0.491,0.582
0,0.491,0.6
0,0.491,0.618
0,0.491,0.636
0,0.491,0.655
0,0.491,0.673
0,0.491,0.691
0,0.491,0.709
0,0.491,0.727
0,0.491,0.745
0,0.491,0.764
0,0.491,0.782
0,0.491,0.8
0,0.491,0.818
0,0.491,0.836
0,0.491,0.855
0,0.491,0.873
0,0.491,0.891
0,0.491,0.909
0,0.491,0.927
0,0.491,0.945
0,0.491,0.964
0,0.491,0.982
1,0.509,0
1,0.509,0.018
0,0.509,0.036
0,0.509,0.055
0,0.509,0.073
0,0.509,0.091
0,0.509,0.109
0,0.509,0.127
0,0.509,0.145
0,0.509,0.164
0,0.509,0.182
0,0.509,0.2
0,0.509,0.218
0,0.509,0.236
0,0.509,0.255
0,0.509,0.273
0,0.509,0.291
0,0.509,0.309
0,0.509,0.327
0,0.509,0.345
0,0.509,0.364
0,0.509,0.382
0,0.509,0.4
0,0.509,0.418
0,0.509,0.436
0,0.509,0.455
0,0.509,0.473
0,0.509,0.491
0,0.509,0.509
0,0.509,0.527
0,0.509,0.545
0,0.509,0.564
0,0.509,0.582
0,0.509,0.6
0,0.509,0.618
0,0.509,0.636
0,0.509,0.655
0,0.509,0.673
0,0.509,0.691
0,0.509,0.709
0,0.509,0.727
0,0.509,0.745
0,0.509,0.764
0,0.509,0.782
0,0.509,0.8
0,0.509,0.818
0,0.509,0.836
0,0.509,0.855
0,0.509,0.873
0,0.509,0.891
0,0.509,0.909
0,0.509,0.927
0,0.509,0.945
0,0.509,0.964
0,0.509,0.982
1,0.527,0
0,0.527,0.018
0,0.527,0.036
0,0.527,0.055
0,0.527,0.073
0,0.527,0.091
0,0.527,0.109
0,0.527,0.127
0,0.527,0.145
0,0.527,0.164
0,0.527,0.182
0,0.527,0.2
0,0.527,0.218
0,0.527,0.236
0,0.527,0.255
0,0.527,0.273
0,0.527,0.291
0,0.527,0.309
0,0.527,0.327
0,0.527,0.345
0,0.527,0.364
0,0.527,0.382
0,0.527,0.4
0,0.527,0.418
0,0.527,0.436
0,0.527,0.455
0,0.527,0.473
0,0.527,0.491
0,0.527,0.509
0,0.527,0.527
0,0.527,0.545
0,0.527,0.564
0,0.527,0.582
0,0.527,0.6
0,0.527,0.618
0,0.527,0.636
0,0.527,0.655
0,0.527,0.673
0,0.527,0.691
0,0.527,0.709
0,0.527,0.727
0,0.527,0.745
0,0.527,0.764
0,0.527,0.782
0,0.527,0.8
0,0.527,0.818
0,0.527,0.836
0,0.527,0.855
0,0.527,0.873
0,0.527,0.891
0,0.527,0.909
0,0.527,0.927
0,0.527,0.945
0,0.527,0.964
0,0.527,0.982
1,0.545,0
0,0.545,0.018
0,0.545,0.036
0,0.545,0.055
0,0.545,0.073
0,0.545,0.091
0,0.545,0.109
0,0.545,0.127
0,0.545,0.145
0,0.545,0.164
0,0.545,0.182
0,0.545,0.2
0,0.545,0.218
0,0.545,0.236
0,0.545,0.255
0,0.545,0.273
0,0.545,0.291
0,0.545,0.309
0,0.545,0.327
0,0.545,0.345
0,0.545,0.364
0,0.545,0.382
0,0.545,0.4
0,0.545,0.418
0,0.545,0.436
0,0.545,0.455
0,0.545,0.473
0,0.545,0.491
0,0.545,0.509
0,0.545,0.527
0,0.545,0.545
0,0.545,0.564
0,0.545,0.582
0,0.545,0.6
0,0.545,0.618
0,0.545,0.636
0,0.545,0.655
0,0.545,0.673
0,0.545,0.691
0,0.545,0.709
0,0.545,0.727
0,0.545,0.745
0,0.545,0.764
0,0.545,0.782
0,0.545,0.8
0,0.545,0.818
0,0.545,0.836
0,0.545,0.855
0,0.545,0.873
0,0.545,0.891
0,0.545,0.909
0,0.545,0.927
0,0.545,0.945
0,0.545,0.964
0,0.545,0.982
1,0.564,0
0,0.564,0.018
0,0.564,0.036
0,0.564,0.055
0,0.564,0.073
0,0.564,0.091
0,0.564,0.109
0,0.564,0.127
0,0.564,0.145
0,0.564,0.164
0,0.564,0.182
0,0.564,0.2
0,0.564,0.218
0,0.564,0.236
0,0.564,0.255
0,0.564,0.273
0,0.564,0.291
0,0.564,0.309
0,0.564,0.327
0,0.564,0.345
0,0.564,0.364
0,0.564,0.382
0,0.564,0.4
0,0.564,0.418
0,0.564,0.436
0,0.564,0.455
0,0.564,0.473
0,0.564,0.491
0,0.564,0.509
0,0.564,0.527
0,0.564,0.545
0,0.564,0.564
0,0.564,0.582
0,0.564,0.6
0,0.564,0.618
0,0.564,0.636
0,0.564,0.655
0,0.564,0.673
0,0.564,0.691
0,0.564,0.709
0,0.564,0.727
0,0.564,0.745
0,0.564,0.764
0,0.564,0.782
0,0.564,0.8
0,0.564,0.818
0,0.564,0.836
0,0.564,0.855
0,0.564,0.873
0,0.564,0.891
0,0.564,0.909
0,0.564,0.927
0,0.564,0.945
0,0.564,0.964
0,0.564,0.982
1,0.582,0
0,0.582,0.018
0,0.582,0.036
0,0.582,0.055
0,0.582,0.073
0,0.582,0.091
0,0.582,0.109
0,0.582,0.127
0,0.582,0.145
0,0.582,0.164
0,0.582,0.182
0,0.582,0.2
0,0.582,0.218
0,0.582,0.236
0,0.582,0.255
0,0.582,0.273
0,0.582,0.291
0,0.582,0.309
0,0.582,0.327
0,0.582,0.345
0,0.582,0.364
0,0.582,0.382
0,0.582,0.4
0,0.582,0.418
0,0.582,0.436
0,0.582,0.455
0,0.582,0.473
0,0.582,0.491
0,0.582,0.509
0,0.582,0.527
0,0.582,0.545
0,0.582,0.564
0,0.582,0.582
0,0.582,0.6
0,0.582,0.618
0,0.582,0.636
0,0.582,0.655
0,0.582,0.673
0,0.582,0.691
0,0.582,0.709
0,0.582,0.727
0,0.582,0.745
0,0.582,0.764
0,0.582,0.782
0,0.582,0.8
0,0.582,0.818
0,0.582,0.836
0,0.582,0.855
0,0.582,0.873
0,0.582,0.891
0,0.582,0.909
0,0.582,0.927
0,0.582,0.945
0,0.582,0.964
0,0.582,0.982
1,0.6,0
0,0.6,0.018
0,0.6,0.036
0,0.6,0.055
0,0.6,0.073
0,0.6,0.091
0,0.6,0.109
0,0.6,0.127
0,0.6,0.145
0,0.6,0.164
0,0.6,0.182
0,0.6,0.2
0,0.6,0.218
0,0.6,0.236
0,0.6,0.255
0,0.6,0.273
0,0.6,0.291
0,0.6,0.309
0,0.6,0.327
0,0.6,0.345
0,0.6,0.364
0,0.6,0.382
0,0.6,0.4
0,0.6,0.418
0,0.6,0.436
0,0.6,0.455
0,0.6,0.473
0,0.6,0.491
0,0.6,0.509
0,0.6,0.527
0,0.6,0.545
0,0.6,0.564
0,0.6,0.582
0,0.6,0.6
0,0.6,0.618
0,0.6,0.636
0,0.6,0.655
0,0.6,0.673
0,0.6,0.691
0,0.6,0.709
0,0.6,0.727
0,0.6,0.745
0,0.6,0.764
0,0.6,0.782
0,0.6,0.8
0,0.6,0.818
0,0.6,0.836
0,0.6,0.855
0,0.6,0.873
0,0.6,0.891
0,0.6,0.909
0,0.6,0.927
0,0.6,0.945
0,0.6,0.964
0,0.6,0.982
1,0.618,0
0,0.618,0.018
0,0.618,0.036
0,0.618,0.055
0,0.618,0.073
0,0.618,0.091
0,0.618,0.109
0,0.618,0.127
0,0.618,0.145
0,0.618,0.164
0,0.618,0.182
0,0.618,0.2
0,0.618,0.218
0,0.618,0.236
0,0.618,0.255
0,0.618,0.273
0,0.618,0.291
0,0.618,0.309
0,0.618,0.327
0,0.618,0.345
0,0.618,0.364
0,0.618,0.382
0,0.618,0.4
0,0.618,0.418
0,0.618,0.436
0,0.618,0.455
0,0.618,0.473
0,0.618,0.491
0,0.618,0.509
0,0.618,0.527
0,0.618,0.545
0,0.618,0.564
0,0.618,0.582
0,0.618,0.6
0,0.618,0.618
0,0.618,0.636
0,0.618,0.655
0,0.618,0.673
0,0.618,0.691
0,0.618,0.709
0,0.618,0.727
0,0.618,0.745
0,0.618,0.764
0,0.618,0.782
0,0.618,0.8
0,0.618,0.818
0,0.618,0.836
0,0.618,0.855
0,0.618,0.873
0,0.618,0.891
0,0.618,0.909
0,0.618,0.927
0,0.618,0.945
0,0.618,0.964
0,0.618,0.982
0,0.636,0
0,0.636,0.018
0,0.636,0.036
0,0.636,0.055
0,0.636,0.073
0,0.636,0.091
0,0.636,0.109
0,0.636,0.127
0,0.636,0.145
0,0.636,0.164
0,0.636,0.182
0,0.636,0.2
0,0.636,0.218
0,0.636,0.236
0,0.636,0.255
0,0.636,0.273
0,0.636,0.291
0,0.636,0.309
0,0.636,0.327
0,0.636,0.345
0,0.636,0.364
0,0.636,0.382
0,0.636,0.4
0,0.636,0.418
0,0.636,0.436
0,0.636,0.455
0,0.636,0.473
0,0.636,0.491
0,0.636,0.509
0,0.636,0.527
0,0.636,0.545
0,0.636,0.564
0,0.636,0.582
0,0.636,0.6
0,0.636,0.618
0,0.636,0.636
0,0.636,0.655
0,0.636,0.673
0,0.636,0.691
0,0.636,0.709
0,0.636,0.727
0,0.636,0.745
0,0.636,0.764
0,0.636,0.782
0,0.636,0.8
0,0.636,0.818
0,0.636,0.836
0,0.636,0.855
0,0.636,0.873
0,0.636,0.891
0,0.636,0.909
0,0.636,0.927
0,0.636,0.945
0,0.636,0.964
0,0.636,0.982
0,0.655,0
0,0.655,0.018
0,0.655,0.036
0,0.655,0.055
0,0.655,0.073
0,0.655,0.091
0,0.655,0.109
0,0.655,0.127
0,0.655,0.145
0,0.655,0.164
0,0.655,0.182
0,0.655,0.2
0,0.655,0.218
0,0.655,0.236
0,0.655,0.255
0,0.655,0.273
0,0.655,0.291
0,0.655,0.309
0,0.655,0.327
0,0.655,0.345
0,0.655,0.364
0,0.655,0.382
0,0.655,0.4
0,0.655,0.418
0,0.655,0.436
0,0.655,0.455
0,0.655,0.473
0,0.655,0.491
0,0.655,0.509
0,0.655,0.527
0,0.655,0.545
0,0.655,0.564
0,0.655,0.582
0,0.655,0.6
0,0.655,0.618
0,0.655,0.636
0,0.655,0.655
0,0.655,0.673
0,0.655,0.691
0,0.655,0.709
0,0.655,0.727
0,0.655,0.745
0,0.655,0.764
0,0.655,0.782
0,0.655,0.8
0,0.655,0.818
0,0.655,0.836
0,0.655,0.855
0,0.655,0.873
0,0.655,0.891
0,0.655,0.909
0,0.655,0.927
0,0.655,0.945
0,0.655,0.964
0,0.655,0.982
1,0.673,0
1,0.673,0.018
0,0.673,0.036
0,0.673,0.055
0,0.673,0.073
0,0.673,0.091
0,0.673,0.109
0,0.673,0.127
0,0.673,0.145
0,0.673,0.164
0,0.673,0.182
0,0.673,0.2
0,0.673,0.218
0,0.673,0.236
0,0.673,0.255
0,0.673,0.273
0,0.673,0.291
0,0.673,0.309
0,0.673,0.327
0,0.673,0.345
0,0.673,0.364
0,0.673,0.382
0,0.673,0.4
0,0.673,0.418
0,0.673,0.436
0,0.673,0.455
0,0.673,0.473
0,0.673,0.491
0,0.673,0.509
0,0.673,0.527
0,0.673,0.545
0,0.673,0.564
0,0.673,0.582
0,0.673,0.6
0,0.673,0.618
0,0.673,0.636
0,0.673,0.655
0,0.673,0.673
0,0.673,0.691
0,0.673,0.709
0,0.673,0.727
0,0.673,0.745
0,0.673,0.764
0,0.673,0.782
0,0.673,0.8
0,0.673,0.818
0,0.673,0.836
0,0.673,0.855
0,0.673,0.873
0,0.673,0.891
0,0.673,0.909
0,0.673,0.927
0,0.673,0.945
0,0.673,0.964
0,0.673,0.982
1,0.691,0
1,0.691,0.018
0,0.691,0.036
0,0.691,0.055
0,0.691,0.073
0,0.691,0.091
0,0.691,0.109
0,0.691,0.127
0,0.691,0.145
0,0.691,0.164
0,0.691,0.182
0,0.691,0.2
0,0.691,0.218
0,0.691,0.236
0,0.691,0.255
0,0.691,0.273
0,0.691,0.291
0,0.691,0.309
0,0.691,0.327
0,0.691,0.345
0,0.691,0.364
0,0.691,0.382
0,0.691,0.4
0,0.691,0.418
0,0.691,0.436
0,0.691,0.455
0,0.691,0.473
0,0.691,0.491
0,0.691,0.509
0,0.691,0.527
0,0.691,0.545
0,0.691,0.564
0,0.691,0.582
0,0.691,0.6
0,0.691,0.618
0,0.691,0.636
0,0.691,0.655
0,0.691,0.673
0,0.691,0.691
0,0.691,0.709
0,0.691,0.727
0,0.691,0.745
0,0.691,0.764
0,0.691,0.782
0,0.691,0.8
0,0.691,0.818
0,0.691,0.836
0,0.691,0.855
0,0.691,0.873
0,0.691,0.891
0,0.691,0.909
0,0.691,0.927
0,0.691,0.945
0,0.691,0.964
0,0.691,0.982
1,0.709,0
1,0.709,0.018
0,0.709,0.036
0,0.709,0.055
0,0.709,0.073
0,0.709,0.091
0,0.709,0.109
0,0.709,0.127
0,0.709,0.145
0,0.709,0.164
0,0.709,0.182
0,0.709,0.2
0,0.709,0.218
0,0.709,0.236
0,0.709,0.255
0,0.709,0.273
0,0.709,0.291
0,0.709,0.309
0,0.709,0.327
0,0.709,0.345
0,0.709,0.364
0,0.709,0.382
0,0.709,0.4
0,0.709,0.418
0,0.709,0.436
0,0.709,0.455
0,0.709,0.473
0,0.709,0.491
0,0.709,0.509
0,0.709,0.527
0,0.709,0.545
0,0.709,0.564
0,0.709,0.582
0,0.709,0.6
0,0.709,0.618
0,0.709,0.636
0,0.709,0.655
0,0.709,0.673
0,0.709,0.691
0,0.709,0.709
0,0.709,0.727
0,0.709,0.745
0,0.709,0.764
0,0.709,0.782
0,0.709,0.8
0,0.709,0.818
0,0.709,0.836
0,0.709,0.855
0,0.709,0.873
0,0.709,0.891
0,0.709,0.909
0,0.709,0.927
0,0.709,0.945
0,0.709,0.964
0,0.709,0.982
1,0.727,0
1,0.727,0.018
1,0.727,0.036
1,0.727,0.055
1,0.727,0.073
1,0.727,0.091
1,0.727,0.109
0,0.727,0.127
0,0.727,0.145
0,0.727,0.164
0,0.727,0.182
0,0.727,0.2
0,0.727,0.218
0,0.727,0.236
0,0.727,0.255
0,0.727,0.273
0,0.727,0.291
0,0.727,0.309
0,0.727,0.327
0,0.727,0.345
0,0.727,0.364
0,0.727,0.382
0,0.727,0.4
0,0.727,0.418
0,0.727,0.436
0,0.727,0.455
0,0.727,0.473
0,0.727,0.491
0,0.727,0.509
0,0.727,0.527
0,0.727,0.545
0,0.727,0.564
0,0.727,0.582
0,0.727,0.6
0,0.727,0.618
0,0.727,0.636
0,0.727,0.655
0,0.727,0.673
0,0.727,0.691
0,0.727,0.709
0,0.727,0.727
0,0.727,0.745
0,0.727,0.764
0,0.727,0.782
0,0.727,0.8
0,0.727,0.818
0,0.727,0.836
0,0.727,0.855
0,0.727,0.873
0,0.727,0.891
0,0.727,0.909
0,0.727,0.927
0,0.727,0.945
0,0.727,0.964
0,0.727,0.982
1,0.745,0
1,0.745,0.018
1,0.745,0.036
1,0.745,0.055
1,0.745,0.073
0,0.745,0.091
0,0.745,0.109
0,0.745,0.127
0,0.745,0.145
0,0.745,0.164
0,0.745,0.182
0,0.745,0.2
0,0.745,0.218
0,0.745,0.236
0,0.745,0.255
0,0.745,0.273
0,0.745,0.291
0,0.745,0.309
0,0.745,0.327
0,0.745,0.345
0,0.745,0.364
0,0.745,0.382
0,0.745,0.4
0,0.745,0.418
0,0.745,0.436
0,0.745,0.455
0,0.745,0.473
0,0.745,0.491
0,0.745,0.509
0,0.745,0.527
0,0.745,0.545
0,0.745,0.564
0,0.745,0.582
0,0.745,0.6
0,0.745,0.618
0,0.745,0.636
0,0.745,0.655
0,0.745,0.673
0,0.745,0.691
0,0.745,0.709
0,0.745,0.727
0,0.745,0.745
0,0.745,0.764
0,0.745,0.782
0,0.745,0.8
0,0.745,0.818
0,0.745,0.836
0,0.745,0.855
0,0.745,0.873
0,0.745,0.891
0,0.745,0.909
0,0.745,0.927
0,0.745,0.945
0,0.745,0.964
0,0.745,0.982
1,0.764,0
1,0.764,0.018
0,0.764,0.036
0,0.764,0.055
0,0.764,0.073
0,0.764,0.091
0,0.764,0.109
0,0.764,0.127
0,0.764,0.145
0,0.764,0.164
0,0.764,0.182
0,0.764,0.2
0,0.764,0.218
0,0.764,0.236
0,0.764,0.255
0,0.764,0.273
0,0.764,0.291
0,0.764,0.309
0,0.764,0.327
0,0.764,0.345
0,0.764,0.364
0,0.764,0.382
0,0.764,0.4
0,0.764,0.418
0,0.764,0.436
0,0.764,0.455
0,0.764,0.473
0,0.764,0.491
0,0.764,0.509
0,0.764,0.527
0,0.764,0.545
0,0.764,0.564
0,0.764,0.582
0,0.764,0.6
0,0.764,0.618
0,0.764,0.636
0,0.764,0.655
0,0.764,0.673
0,0.764,0.691
0,0.764,0.709
0,0.764,0.727
0,0.764,0.745
0,0.764,0.764
0,0.764,0.782
0,0.764,0.8
0,0.764,0.818
0,0.764,0.836
0,0.764,0.855
0,0.764,0.873
0,0.764,0.891
0,0.764,0.909
0,0.764,0.927
0,0.764,0.945
0,0.764,0.964
0,0.764,0.982
1,0.782,0
1,0.782,0.018
1,0.782,0.036
1,0.782,0.055
1,0.782,0.073
1,0.782,0.091
0,0.782,0.109
0,0.782,0.127
0,0.782,0.145
0,0.782,0.164
0,0.782,0.182
0,0.782,0.2
0,0.782,0.218
0,0.782,0.236
0,0.782,0.255
0,0.782,0.273
0,0.782,0.291
0,0.782,0.309
0,0.782,0.327
0,0.782,0.345
0,0.782,0.364
0,0.782,0.382
0,0.782,0.4
0,0.782,0.418
0,0.782,0.436
0,0.782,0.455
0,0.782,0.473
0,0.782,0.491
0,0.782,0.509
0,0.782,0.527
0,0.782,0.545
0,0.782,0.564
0,0.782,0.582
0,0.782,0.6
0,0.782,0.618
0,0.782,0.636
0,0.782,0.655
0,0.782,0.673
0,0.782,0.691
0,0.782,0.709
0,0.782,0.727
0,0.782,0.745
0,0.782,0.764
0,0.782,0.782
0,0.782,0.8
0,0.782,0.818
0,0.782,0.836
0,0.782,0.855
0,0.782,0.873
0,0.782,0.891
0,0.782,0.909
0,0.782,0.927
0,0.782,0.945
0,0.782,0.964
0,0.782,0.982
1,0.8,0
1,0.8,0.018
0,0.8,0.036
0,0.8,0.055
0,0.8,0.073
0,0.8,0.091
0,0.8,0.109
0,0.8,0.127
0,0.8,0.145
0,0.8,0.164
0,0.8,0.182
0,0.8,0.2
0,0.8,0.218
0,0.8,0.236
0,0.8,0.255
0,0.8,0.273
0,0.8,0.291
0,0.8,0.309
0,0.8,0.327
0,0.8,0.345
0,0.8,0.364
0,0.8,0.382
0,0.8,0.4
0,0.8,0.418
0,0.8,0.436
0,0.8,0.455
0,0.8,0.473
0,0.8,0.491
0,0.8,0.509
0,0.8,0.527
0,0.8,0.545
0,0.8,0.564
0,0.8,0.582
0,0.8,0.6
0,0.8,0.618
0,0.8,0.636
0,0.8,0.655
0,0.8,0.673
0,0.8,0.691
0,0.8,0.709
0,0.8,0.727
0,0.8,0.745
0,0.8,0.764
0,0.8,0.782
0,0.8,0.8
0,0.8,0.818
0,0.8,0.836
0,0.8,0.855
0,0.8,0.873
0,0.8,0.891
0,0.8,0.909
0,0.8,0.927
0,0.8,0.945
0,0.8,0.964
0,0.8,0.982
1,0.818,0
1,0.818,0.018
1,0.818,0.036
0,0.818,0.055
0,0.818,0.073
0,0.818,0.091
0,0.818,0.109
0,0.818,0.127
0,0.818,0.145
0,0.818,0.164
0,0.818,0.182
0,0.818,0.2
0,0.818,0.218
0,0.818,0.236
0,0.818,0.255
0,0.818,0.273
0,0.818,0.291
0,0.818,0.309
0,0.818,0.327
0,0.818,0.345
0,0.818,0.364
0,0.818,0.382
0,0.818,0.4
0,0.818,0.418
0,0.818,0.436
0,0.818,0.455
0,0.818,0.473
0,0.818,0.491
0,0.818,0.509
0,0.818,0.527
0,0.818,0.545
0,0.818,0.564
0,0.818,0.582
0,0.818,0.6
0,0.818,0.618
0,0.818,0.636
0,0.818,0.655
0,0.818,0.673
0,0.818,0.691
0,0.818,0.709
0,0.818,0.727
0,0.818,0.745
0,0.818,0.764
0,0.818,0.782
0,0.818,0.8
0,0.818,0.818
0,0.818,0.836
0,0.818,0.855
0,0.818,0.873
0,0.818,0.891
0,0.818,0.909
0,0.818,0.927
0,0.818,0.945
0,0.818,0.964
0,0.818,0.982
1,0.836,0
1,0.836,0.018
0,0.836,0.036
0,0.836,0.055
0,0.836,0.073
0,0.836,0.091
0,0.836,0.109
0,0.836,0.127
0,0.836,0.145
0,0.836,0.164
0,0.836,0.182
0,0.836,0.2
0,0.836,0.218
0,0.836,0.236
0,0.836,0.255
0,0.836,0.273
0,0.836,0.291
0,0.836,0.309
0,0.836,0.327
0,0.836,0.345
0,0.836,0.364
0,0.836,0.382
0,0.836,0.4
0,0.836,0.418
0,0.836,0.436
0,0.836,0.455
0,0.836,0.473
0,0.836,0.491
0,0.836,0.509
0,0.836,0.527
0,0.836,0.545
0,0.836,0.564
0,0.836,0.582
0,0.836,0.6
0,0.836,0.618
0,0.836,0.636
0,0.836,0.655
0,0.836,0.673
0,0.836,0.691
0,0.836,0.709
0,0.836,0.727
0,0.836,0.745
0,0.836,0.764
0,0.836,0.782
0,0.836,0.8
0,0.836,0.818
0,0.836,0.836
0,0.836,0.855
0,0.836,0.873
0,0.836,0.891
0,0.836,0.909
0,0.836,0.927
0,0.836,0.945
0,0.836,0.964
0,0.836,0.982
1,0.855,0
1,0.855,0.018
0,0.855,0.036
0,0.855,0.055
0,0.855,0.073
0,0.855,0.091
0,0.855,0.109
0,0.855,0.127
0,0.855,0.145
0,0.855,0.164
0,0.855,0.182
0,0.855,0.2
0,0.855,0.218
0,0.855,0.236
0,0.855,0.255
0,0.855,0.273
0,0.855,0.291
0,0.855,0.309
0,0.855,0.327
0,0.855,0.345
0,0.855,0.364
0,0.855,0.382
0,0.855,0.4
0,0.855,0.418
0,0.855,0.436
0,0.855,0.455
0,0.855,0.473
0,0.855,0.491
0,0.855,0.509
0,0.855,0.527
0,0.855,0.545
0,0.855,0.564
0,0.855,0.582
0,0.855,0.6
0,0.855,0.618
0,0.855,0.636
0,0.855,0.655
0,0.855,0.673
0,0.855,0.691
0,0.855,0.709
0,0.855,0.727
0,0.855,0.745
0,0.855,0.764
0,0.855,0.782
0,0.855,0.8
0,0.855,0.818
0,0.855,0.836
0,0.855,0.855
0,0.855,0.873
0,0.855,0.891
0,0.855,0.909
0,0.855,0.927
0,0.855,0.945
0,0.855,0.964
0,0.855,0.982
1,0.873,0
1,0.873,0.018
0,0.873,0.036
0,0.873,0.055
0,0.873,0.073
0,0.873,0.091
0,0.873,0.109
0,0.873,0.127
0,0.873,0.145
0,0.873,0.164
0,0.873,0.182
0,0.873,0.2
0,0.873,0.218
0,0.873,0.236
0,0.873,0.255
0,0.873,0.273
0,0.873,0.291
0,0.873,0.309
0,0.873,0.327
0,0.873,0.345
0,0.873,0.364
0,0.873,0.382
0,0.873,0.4
0,0.873,0.418
0,0.873,0.436
0,0.873,0.455
0,0.873,0.473
0,0.873,0.491
0,0.873,0.509
0,0.873,0.527
0,0.873,0.545
0,0.873,0.564
0,0.873,0.582
0,0.873,0.6
0,0.873,0.618
0,0.873,0.636
0,0.873,0.655
0,0.873,0.673
0,0.873,0.691
0,0.873,0.709
0,0.873,0.727
0,0.873,0.745
0,0.873,0.764
0,0.873,0.782
0,0.873,0.8
0,0.873,0.818
0,0.873,0.836
0,0.873,0.855
0,0.873,0.873
0,0.873,0.891
0,0.873,0.909
0,0.873,0.927
0,0.873,0.945
0,0.873,0.964
0,0.873,0.982
1,0.891,0
1,0.891,0.018
0,0.891,0.036
0,0.891,0.055
0,0.891,0.073
0,0.891,0.091
0,0.891,0.109
0,0.891,0.127
0,0.891,0.145
0,0.891,0.164
0,0.891,0.182
0,0.891,0.2
0,0.891,0.218
0,0.891,0.236
0,0.891,0.255
0,0.891,0.273
0,0.891,0.291
0,0.891,0.309
0,0.891,0.327
0,0.891,0.345
0,0.891,0.364
0,0.891,0.382
0,0.891,0.4
0,0.891,0.418
0,0.891,0.436
0,0.891,0.455
0,0.891,0.473
0,0.891,0.491
0,0.891,0.509
0,0.891,0.527
0,0.891,0.545
0,0.891,0.564
0,0.891,0.582
0,0.891,0.6
0,0.891,0.618
0,0.891,0.636
0,0.891,0.655
0,0.891,0.673
0,0.891,0.691
0,0.891,0.709
0,0.891,0.727
0,0.891,0.745
0,0.891,0.764
0,0.891,0.782
0,0.891,0.8
0,0.891,0.818
0,0.891,0.836
0,0.891,0.855
0,0.891,0.873
0,0.891,0.891
0,0.891,0.909
0,0.891,0.927
0,0.891,0.945
0,0.891,0.964
0,0.891,0.982
1,0.909,0
0,0.909,0.018
0,0.909,0.036
0,0.909,0.055
0,0.909,0.073
0,0.909,0.091
0,0.909,0.109
0,0.909,0.127
0,0.909,0.145
0,0.909,0.164
0,0.909,0.182
0,0.909,0.2
0,0.909,0.218
0,0.909,0.236
0,0.909,0.255
0,0.909,0.273
0,0.909,0.291
0,0.909,0.309
0,0.909,0.327
0,0.909,0.345
0,0.909,0.364
0,0.909,0.382
0,0.909,0.4
0,0.909,0.418
0,0.909,0.436
0,0.909,0.455
0,0.909,0.473
0,0.909,0.491
0,0.909,0.509
0,0.909,0.527
0,0.909,0.545
0,0.909,0.564
0,0.909,0.582
0,0.909,0.6
0,0.909,0.618
0,0.909,0.636
0,0.909,0.655
0,0.909,0.673
0,0.909,0.691
0,0.909,0.709
0,0.909,0.727
0,0.909,0.745
0,0.909,0.764
0,0.909,0.782
0,0.909,0.8
0,0.909,0.818
0,0.909,0.836
0,0.909,0.855
0,0.909,0.873
0,0.909,0.891
0,0.909,0.909
0,0.909,0.927
0,0.909,0.945
0,0.909,0.964
0,0.909,0.982
1,0.927,0
0,0.927,0.018
0,0.927,0.036
0,0.927,0.055
0,0.927,0.073
0,0.927,0.091
0,0.927,0.109
0,0.927,0.127
0,0.927,0.145
0,0.927,0.164
0,0.927,0.182
0,0.927,0.2
0,0.927,0.218
0,0.927,0.236
0,0.927,0.255
0,0.927,0.273
0,0.927,0.291
0,0.927,0.309
0,0.927,0.327
0,0.927,0.345
0,0.927,0.364
0,0.927,0.382
0,0.927,0.4
0,0.927,0.418
0,0.927,0.436
0,0.927,0.455
0,0.927,0.473
0,0.927,0.491
0,0.927,0.509
0,0.927,0.527
0,0.927,0.545
0,0.927,0.564
0,0.927,0.582
0,0.927,0.6
0,0.927,0.618
0,0.927,0.636
0,0.927,0.655
0,0.927,0.673
0,0.927,0.691
0,0.927,0.709
0,0.927,0.727
0,0.927,0.745
0,0.927,0.764
0,0.927,0.782
0,0.927,0.8
0,0.927,0.818
0,0.927,0.836
0,0.927,0.855
0,0.927,0.873
0,0.927,0.891
0,0.927,0.909
0,0.927,0.927
0,0.927,0.945
0,0.927,0.964
0,0.927,0.982
1,0.945,0
0,0.945,0.018
0,0.945,0.036
0,0.945,0.055
0,0.945,0.073
0,0.945,0.091
0,0.945,0.109
0,0.945,0.127
0,0.945,0.145
0,0.945,0.164
0,0.945,0.182
0,0.945,0.2
0,0.945,0.218
0,0.945,0.236
0,0.945,0.255
0,0.945,0.273
0,0.945,0.291
0,0.945,0.309
0,0.945,0.327
0,0.945,0.345
0,0.945,0.364
0,0.945,0.382
0,0.945,0.4
0,0.945,0.418
0,0.945,0.436
0,0.945,0.455
0,0.945,0.473
0,0.945,0.491
0,0.945,0.509
0,0.945,0.527
0,0.945,0.545
0,0.945,0.564
0,0.945,0.582
0,0.945,0.6
0,0.945,0.618
0,0.945,0.636
0,0.945,0.655
0,0.945,0.673
0,0.945,0.691
0,0.945,0.709
0,0.945,0.727
0,0.945,0.745
0,0.945,0.764
0,0.945,0.782
0,0.945,0.8
0,0.945,0.818
0,0.945,0.836
0,0.945,0.855
0,0.945,0.873
0,0.945,0.891
0,0.945,0.909
0,0.945,0.927
0,0.945,0.945
0,0.945,0.964
0,0.945,0.982
1,0.964,0
0,0.964,0.018
0,0.964,0.036
0,0.964,0.055
0,0.964,0.073
0,0.964,0.091
0,0.964,0.109
0,0.964,0.127
0,0.964,0.145
0,0.964,0.164
0,0.964,0.182
0,0.964,0.2
0,0.964,0.218
0,0.964,0.236
0,0.964,0.255
0,0.964,0.273
0,0.964,0.291
0,0.964,0.309
0,0.964,0.327
0,0.964,0.345
0,0.964,0.364
0,0.964,0.382
0,0.964,0.4
0,0.964,0.418
0,0.964,0.436
0,0.964,0.455
0,0.964,0.473
0,0.964,0.491
0,0.964,0.509
0,0.964,0.527
0,0.964,0.545
0,0.964,0.564
0,0.964,0.582
0,0.964,0.6
0,0.964,0.618
0,0.964,0.636
0,0.964,0.655
0,0.964,0.673
0,0.964,0.691
0,0.964,0.709
0,0.964,0.727
0,0.964,0.745
0,0.964,0.764
0,0.964,0.782
0,0.964,0.8
0,0.964,0.818
0,0.964,0.836
0,0.964,0.855
0,0.964,0.873
0,0.964,0.891
0,0.964,0.909
0,0.964,0.927
0,0.964,0.945
0,0.964,0.964
0,0.964,0.982
1,0.982,0
0,0.982,0.018
0,0.982,0.036
0,0.982,0.055
0,0.982,0.073
0,0.982,0.091
0,0.982,0.109
0,0.982,0.127
0,0.982,0.145
0,0.982,0.164
0,0.982,0.182
0,0.982,0.2
0,0.982,0.218
0,0.982,0.236
0,0.982,0.255
0,0.982,0.273
0,0.982,0.291
0,0.982,0.309
0,0.982,0.327
0,0.982,0.345
0,0.982,0.364
0,0.982,0.382
0,0.982,0.4
0,0.982,0.418
0,0.982,0.436
0,0.982,0.455
0,0.982,0.473
0,0.982,0.491
0,0.982,0.509
0,0.982,0.527
0,0.982,0.545
0,0.982,0.564
0,0.982,0.582
0,0.982,0.6
0,0.982,0.618
0,0.982,0.636
0,0.982,0.655
0,0.982,0.673
0,0.982,0.691
0,0.982,0.709
0,0.982,0.727
0,0.982,0.745
0,0.982,0.764
0,0.982,0.782
0,0.982,0.8
0,0.982,0.818
0,0.982,0.836
0,0.982,0.855
0,0.982,0.873
0,0.982,0.891
0,0.982,0.909
0,0.982,0.927
0,0.982,0.945
0,0.982,0.964
0,0.982,0.982
